purchase,n_acts,bal_crdt_ratio,avg_prem_balance,retail_crdt_ratio,avg_fin_balance,mortgage_age,cred_limit
1,2,0.30000,61.000,11.49123,1767.197,155.0000,0
0,19,4.20000,967.000,0.00000,249.000,65.0000,10000
0,0,36.09506,2494.414,11.49123,1767.197,138.9601,0
0,0,36.09506,2494.414,11.49123,1767.197,138.9601,0
0,1,25.70000,2494.414,11.49123,1767.197,138.9601,0
0,6,45.60000,195.000,0.00000,0.000,13.0000,13800
0,3,10.80000,2494.414,11.49123,1767.197,138.9601,0